country,gdp.2005,pop.2005,unemp.2005,gdp.2006,pop.2006,unemp.2006,gdp.2007,pop.2007,unemp.2007,gdp.2008,pop.2008,unemp.2008
AD,3.69734853506562,0.078867,NA,3.87514251624022,0.080993,NA,3.9353307702505598,0.082684,NA,3.71655839851518,0.083862,NA
AE,257.36693886998,4.588225,3.11999988555908,282.684947637849,5.300174,3.05999994277954,291.68673933287903,6.168838,2.99000000953674,300.996902491491,7.089487,2.84999990463257
AF,9.16459845853792,25.654277,11.5200004577637,9.655582953980181,26.433049,11.3400001525879,10.9905947065564,27.100536,11.1800003051758,11.4219737708233,27.722276,11.1099996566772
AG,1.14928018081721,0.081465,NA,1.29533241325319,0.082704,NA,1.41599759078741,0.084026,NA,1.41579452750139,0.085397,NA
AL,9.223202583880381,3.011487,16.3999996185303,9.76737927988863,2.992547,16.1700000762939,10.3514668062388,2.970017,15.9700002670288,11.1278236657504,2.947314,13.0600004196167
AM,7.6664744685127895,2.981269,10.3400001525879,8.67844909831555,2.958307,10.0699996948242,9.86739662491901,2.932618,9.8100004196167,10.548246992080799,2.907618,13.5100002288818
AO,56.2904917771201,19.433602,3.80999994277954,62.790739426972,20.149901,3.73000001907349,71.5877334753748,20.905363,3.66000008583069,79.5813188228055,21.695634,3.63000011444092
AR,333.61831135041496,38.892931,11.5100002288818,360.46508229796,39.289878,10.0799999237061,392.934518437813,39.684295,8.47000026702881,408.87678779480905,40.08016,7.84000015258789
AS,0.6292863436123349,0.059562,NA,0.603066079295154,0.059107,NA,0.6149074889867839,0.058365,NA,0.598837004405286,0.057492,NA
AT,367.272646184907,8.227829,5.63000011444092,379.958397036836,8.268641,5.23999977111816,394.12102446517605,8.295487,4.8600001335144,399.876861217528,8.321496,4.13000011444092
AU,995.550062444482,20.3948,5.03000020980835,1023.37107753656,20.6979,4.78000020980835,1062.7118187399699,20.8276,4.38000011444092,1101.58532318017,21.2492,4.23000001907349
AW,2.69882491629108,0.100031,NA,2.72717897402819,0.100834,NA,2.77627435820761,0.101222,NA,2.77375605397674,0.101358,NA
AZ,24.740902926326697,8.39185,7.26000022888184,33.2681543274079,8.48455,6.61999988555908,41.7392962917775,8.5813,6.32999992370605,46.1600876856421,8.7634,5.8600001335144
BA,14.9213131348433,3.765331,30.3999996185303,15.7291535607731,3.765424,31.1100006103516,16.6507432915849,3.762786,28.9799995422363,17.5568512307796,3.754271,23.4099998474121
BB,4.481,0.276323,9.07999992370605,4.7455,0.277477,8.72999954223633,4.85,0.2787,7.40999984741211,4.884,0.279946,8.11999988555908
BD,85.8603679334753,139.035505,4.25,91.5888900987471,140.921167,3.58999991416931,98.0537829059494,142.660376,3.91000008583069,103.950531260888,144.304167,4.28999996185303
BE,446.825975230479,10.478617,8.4399995803833,458.23053775754795,10.547958,8.25,475.07912995951597,10.6257,7.46000003814697,477.202395106604,10.709973,6.98000001907349
BF,7.736021215032699,13.42193,4,8.21976736192083,13.829176,3.64000010490417,8.55771315253562,14.252021,3.29999995231628,9.05405980860577,14.689725,3.61999988555908
BG,42.9478927051545,7.658972,10.0799999237061,45.8692803387161,7.601022,8.94999980926514,48.8769662284417,7.545338,6.88000011444092,51.8514363786577,7.492561,5.6100001335144
BH,19.6204787234043,0.889164,1.07000005245209,20.889335106383,0.958418,1.12999999523163,22.6218882978723,1.035919,1.20000004768372,24.0346276595745,1.114641,1.22000002861023
BI,1.62834428844335,7.364862,1.80999994277954,1.7164997078749,7.607849,1.73000001907349,1.7757524622736,7.862214,1.6599999666214,1.8620844504923602,8.126102,1.62999999523163
BJ,7.89739213947095,7.982225,0.800000011920929,8.20884465968716,8.216897,0.810000002384186,8.700254776298001,8.454793,0.819999992847443,9.126269457949618,8.696921,0.850000023841858
BM,6.736374176523871,0.064154,NA,7.10982972928519,0.064523,NA,7.34766346678588,0.064888,NA,7.21055931222666,0.065273,NA
BN,13.264408434176799,0.365114,6.09999990463257,13.8477399339934,0.370263,6.30000019073486,13.8691460212688,0.374965,6.48999977111816,13.6001241657499,0.379421,6.6100001335144
BO,15.6966072828068,9.232306,2.8199999332428,16.4495749736788,9.395446,2.72000002861023,17.2003965366119,9.558439,2.64000010490417,18.257962435196703,9.721454,2.59999990463257
BR,1774.79988278763,186.127103,9.56999969482422,1845.11725397908,188.167356,8.64000034332275,1957.1134838563,190.130443,8.32999992370605,2056.81266984993,192.030362,7.34000015258789
BS,10.214337148440901,0.324859,10.1999998092651,10.4714170946489,0.331033,7.53999996185303,10.6229106343785,0.337389,7.88000011444092,10.376086537088499,0.343681,8.18000030517578
BT,0.975999031580887,0.648739,3.09999990463257,1.04431640760137,0.65741,3.13000011444092,1.2360618190791801,0.664876,3.70000004768372,1.2953861192204001,0.671613,3.6800000667572
BW,10.2309619417274,1.799078,19.7700004577637,11.0866664076476,1.835908,17.7800006866455,12.0042835987785,1.875459,17,12.7540036118062,1.915639,16.3500003814697
BY,40.2423347957495,9.663915,8.4399995803833,44.2665661877427,9.604924,7.69999980926514,48.0734937732612,9.560953,7.01000022888184,52.9769898687029,9.527985,6.42000007629395
BZ,1.2236610047946601,0.2838,10.9099998474121,1.28263054409006,0.291329,9.39000034332275,1.28917633520951,0.299025,8.51000022888184,1.33413558474046,0.306823,8.18000030517578
CA,1433.91452110835,32.243753,6.76000022888184,1493.64878498776,32.571174,6.32000017166138,1596.2416777263502,32.889025,6.03999996185303,1612.32577114548,33.247118,6.1399998664856
CD,16.4665837219743,54.785903,2.84999990463257,17.3427672769549,56.578037,2.98000001907349,18.428333938383,58.453683,3.10999989509583,19.5756625248682,60.411195,3.28999996185303
CF,1.68603215847995,4.038382,4.38000011444092,1.76647419314574,4.118069,4.26999998092651,1.84786510729104,4.19801,4.17000007629395,1.88582267659599,4.273366,4.11999988555908
CG,9.993847476282141,3.622775,19.7999992370605,10.791979957407,3.745141,18.6100006103516,10.0781989637311,3.876119,17.4899997711182,10.713768079962799,4.011486,16.5200004577637
CH,524.104193560188,7.437115,4.44000005722046,545.008792163317,7.483934,4,567.418887613848,7.551117,3.65000009536743,579.645073513066,7.647675,3.34999990463257
CI,22.3225227066385,18.354514000000002,5.51000022888184,22.6608969623745,18.754916,5.6100001335144,23.060870129361,19.171237,5.71000003814697,23.6472714998262,19.605569,5.88000011444092
CL,181.652337025042,16.182721,9.34000015258789,193.127635486362,16.354504,9.02000045776367,202.601172713024,16.530195,8.43000030517578,209.752043005204,16.708258,9.28999996185303
CM,22.044058919062,17.73341,4.40000009536743,22.806269464917598,18.223674,3.69000005722046,23.9242788017318,18.730282,3.05999994277954,24.758949260439604,19.252666,3.30999994277954
CN,3562.11006096101,1303.72,4.5,4015.2445025605,1311.02,4.40000009536743,4586.64836385138,1317.885,4.30000019073486,5029.29107060601,1324.655,4.59999990463257
CO,230.473551392799,42.647731,11.8699998855591,245.954157224494,43.200901,11.5299997329712,262.527027188667,43.737512,11.1999998092651,271.146960850547,44.254972,11.2700004577637
CR,29.5396360717379,4.285502,6.57000017166138,31.6776359845108,4.345412,5.73999977111816,34.2650323946392,4.404628,4.48999977111816,35.858218735351095,4.463125,4.78000020980835
CU,49.4814773793051,11.261582,1.95000004768372,55.4518447061798,11.261248,1.9099999666214,59.4788336191821,11.251122,1.78999996185303,61.927474920461,11.236971,1.58000004291534
CV,1.2525639002118,0.463032,10.6700000762939,1.3525654761944799,0.46917,10.5100002288818,1.55775896415815,0.47506,10.3699998855591,1.6613580437620799,0.480842,10.3100004196167
CW,NA,0.137658,NA,NA,0.141239,NA,NA,0.144056,NA,NA,0.14588,NA
CY,22.5686172610367,1.027662,5.30000019073486,23.632463210924,1.045507,4.53999996185303,24.8372623624553,1.063713,3.92000007629395,25.743030624419998,1.081563,3.66000008583069
CZ,184.954402823471,10.211216,7.92999982833862,197.470142753551,10.238905,7.15000009536743,208.46989885069002,10.298828,5.32000017166138,214.07025912750203,10.384603,4.3899998664856
DE,3202.8464511257403,82.469422,11.1700000762939,3325.0812254951497,82.376451,10.25,3424.05077625182,82.266372,8.65999984741211,3456.91752517573,82.110097,7.53000020980835
DJ,NA,0.783254,11.5200004577637,NA,0.794563,11.3400001525879,NA,0.805451,11.1700000762939,NA,0.816358,11.1000003814697
DK,318.622825351085,5.419432,4.82999992370605,331.09056192779104,5.437272,3.90000009536743,334.100966204774,5.461438,3.79999995231628,332.39031331310304,5.493621,3.6800000667572
DM,0.41626499819491103,0.070589,NA,0.43565778327336,0.070718,NA,0.463338430723785,0.070795,NA,0.496331564505336,0.070827,NA
DO,40.689414522191804,9.097257,6.59000015258789,44.4224060205487,9.218686,5.65999984741211,47.716750200915705,9.338861,5.15999984741211,49.2482213330284,9.458075,4.76000022888184
DZ,142.183670715772,33.149724,15.2700004577637,144.600793117941,33.641002,12.2700004577637,149.51722008395,34.166972,13.789999961853,153.105633365965,34.730608,11.3299999237061
EC,58.8762856689747,13.825847,3.77999997138977,61.4689184716664,14.059384,3.54999995231628,62.8151271092433,14.296557,3.14000010490417,66.8083667760763,14.535739,3.92000007629395
EE,20.0073940860989,1.354775,8.02999973297119,21.9518646489045,1.34681,5.92000007629395,23.6144066962817,1.34068,4.59000015258789,22.412683023018904,1.33709,5.46000003814697
EG,162.28167222638,75.523569,11.1999998092651,173.387967296922,76.873663,10.4899997711182,185.677407198797,78.232126,8.80000019073486,198.965008971328,79.636079,8.52000045776367
ER,1.65238012239709,2.826659,6.76000022888184,1.63636497451846,2.918205,6.61999988555908,1.65971299095905,2.996536,6.5,1.4973427705192102,3.062779,6.44000005722046
ES,1354.51360558153,43.653155,9.14999961853027,1410.08560255984,44.397319,8.44999980926514,1460.9147886599199,45.226803,8.22999954223633,1473.87522382773,45.954106,11.25
ET,17.8607759230952,76.346311,2.5,19.795942246210398,78.489206,2.39000010490417,22.0637984491645,80.674348,2.28999996185303,24.4441561294695,82.916235,2.24000000953674
FI,237.954222101415,5.246096,8.38000011444092,247.537613424007,5.266268,7.71999979019165,260.655464541708,5.28872,6.84999990463257,262.69899050961897,5.313399,6.36999988555908
FJ,3.03173828533158,0.821604,3.89000010490417,3.08790074810844,0.82787,3.86999988555908,3.06163338730472,0.83619,3.86999988555908,3.09325375997435,0.845361,3.91000008583069
FM,0.300081139479451,0.106129,NA,0.29983790783135905,0.105371,NA,0.29433232826185,0.104444,NA,0.287243355955513,0.103543,NA
FO,NA,0.047722,NA,NA,0.047792,NA,NA,0.047825,NA,NA,0.04782,NA
FR,2536.82107582756,63.179351,8.48999977111816,2598.95603315596,63.621381,8.44999980926514,2661.9738620412204,64.016225,7.65999984741211,2668.76045686206,64.374984,7.05999994277954
GA,13.454154690103799,1.390549,16.9099998474121,13.0765532966302,1.430152,17.3700008392334,13.862206744622299,1.472575,17.8400001525879,13.4035852480849,1.51854,18.4400005340576
GB,2415.0919343651804,60.401206,4.75,2482.43253605961,60.84682,5.34999990463257,2542.76937953251,61.322463,5.26000022888184,2535.62029300354,61.806995,5.61999988555908
GD,0.8068695568773541,0.104661,NA,0.774632469576978,0.104933,NA,0.822066708874271,0.10519,NA,0.82985614134603,0.105456,NA
GE,9.47977026895091,3.902469,13.8100004196167,10.3727428862052,3.880347,13.5699996948242,11.677525383367701,3.860158,13.2799997329712,11.9599547027672,3.848449,17.8700008392334
GH,23.4860389761393,21.814642,5.5,24.9891249207416,22.379055,4.6399998664856,26.0753569917489,22.963946,4.69000005722046,28.4611997385771,23.563825,4.78999996185303
GI,NA,0.033219,NA,NA,0.033417,NA,NA,0.033517,NA,NA,0.033559,NA
GL,2.1266869365765197,0.056935,NA,2.24483917426788,0.056774,NA,2.2976476236197803,0.056555,NA,2.43932362511335,0.056328,NA
GM,1.25470072029747,1.543741,9.40999984741211,1.24772984177412,1.591445,9.26000022888184,1.28570137404879,1.639848,9.11999988555908,1.36613363745789,1.689285,9.05000019073486
GN,5.8753021563797505,9.109581,4.44999980926514,5.94371543922186,9.307425,4.34999990463257,6.34952109082652,9.518162,4.25,6.61217640591288,9.738792,4.21000003814697
GQ,12.0846580463718,0.749535,8.42000007629395,13.0157709918826,0.784496,8.26000022888184,15.0048559423615,0.821687,8.11999988555908,17.675586626849,0.86084,8.0600004196167
GR,304.332233357346,10.987314,9.98999977111816,321.534410827606,11.020362,9.01000022888184,332.060633365953,11.048473,8.39999961853027,330.947657598659,11.077841,7.76000022888184
GT,34.55067340536711,12.948292,3.01999998092651,36.4094225186929,13.21333,3.01999998092651,38.7046920622932,13.477017,3.02999997138977,39.9746239125379,13.739299,3.07999992370605
GU,4.84585945502971,0.158402,7,4.660328826060231,0.158648,7.40000009536743,4.69843782011883,0.158847,8.30000019073486,4.77967014955952,0.159036,8.94999980926514
GW,0.7208331353019709,1.34493,3.07999992370605,0.737479752961763,1.377581,2.98000001907349,0.7615433887985359,1.411543,2.90000009536743,0.7859399438301949,1.446936,2.85999989509583
GY,2.7746153805022704,0.746163,11.0600004196167,2.91694231018393,0.746343,10.6999998092651,3.1267075927603103,0.746474,10.8400001525879,3.1815866502666403,0.746817,11.0500001907349
HK,188.64884651670002,6.8132,5.57999992370605,201.915881901268,6.8571,4.76999998092651,214.96944136231,6.9163,4.01000022888184,219.543765617888,6.9578,3.55999994277954
HN,13.268415996710301,7.458985,4.90999984741211,14.139785190677099,7.634298,3.57999992370605,15.0148013589561,7.808518,3.21000003814697,15.650167709792,7.980955,3.16000008583069
HR,58.2866554367013,4.310145,12.6000003814697,61.1970757939092,4.311159,11.1300001144409,64.2983141884647,4.310217,9.90999984741211,65.515772483174,4.309705,8.52999973297119
HT,10.3594401393249,9.195288,14.3299999237061,10.5401670221847,9.344785,15.539999961853,11.127267580409201,9.495328,16.7999992370605,11.4030343569914,9.64658,16.0599994659424
HU,132.67336963958,10.087065,7.19000005722046,138.021450771415,10.07137,7.48999977111816,138.35571264094298,10.05578,7.40999984741211,139.819916274643,10.038188,7.82000017166138
ID,571.2049544346579,226.28947,7.94999980926514,602.626663572802,229.318262,7.55000019073486,640.863459320349,232.374245,8.0600004196167,679.4030882451669,235.469762,7.21000003814697
IE,217.464682083501,4.159914,4.34000015258789,228.492099818956,4.273591,4.42000007629395,240.657630563929,4.398942,4.98000001907349,229.875245850048,4.489544,6.76999998092651
IL,190.909184854182,6.9301,11.3400001525879,201.53220260413698,7.0537,10.710000038147,213.16762906582198,7.1801,9.38000011444092,219.55516096220802,7.3088,7.69999980926514
IM,4.61730757370266,0.080305,NA,4.97284025687776,0.081285,NA,5.3458032761436005,0.082408,NA,5.60774763667463,0.083508,NA
IN,1193.8727374857701,1147.609927,5.65000009536743,1290.10762611685,1165.486291,5.51999998092651,1388.94038549375,1183.209472,5.40999984741211,1431.8127814208601,1200.669765,5.3600001335144
IQ,104.14647732479699,26.922284,8.93000030517578,114.72588386512601,27.448124,8.77999973297119,116.306345516024,27.911248,8.64999961853027,125.876156193636,28.385746,8.39999961853027
IR,400.129689618902,69.762347,12.1000003814697,420.135354881566,70.55476,11.1999998092651,454.400642918223,71.336475,10.6000003814697,455.540536710098,72.120604,10.4799995422363
IS,12.9479926735017,0.296734,2.54999995231628,13.6276096567311,0.303782,2.82999992370605,14.9038788244529,0.311566,2.25,15.2007612333471,0.317414,2.95000004768372
IT,2165.0231834248402,57.969484,7.73000001907349,2203.79094764615,58.143979,6.78000020980835,2236.5629273723903,58.43831,6.07999992370605,2215.0469048234304,58.826731,6.71999979019165
JM,13.5478865513215,2.740003,11.2600002288818,13.9406567646644,2.754407,10.3299999237061,14.1402805619417,2.768227,9.75,14.0254987146735,2.781876,10.3299999237061
JO,20.1386315674801,5.765635,14.8000001907349,21.7684460063253,5.99154,14,23.5482711608132,6.25528,13.1000003814697,25.2513572516829,6.556478,12.6999998092651
JP,5672.306823996861,127.773,4.40000009536743,5752.8539527765,127.854,4.09999990463257,5848.0167355637,128.001,3.90000009536743,5784.06629823942,128.063,4
KE,31.322527291253103,36.624895,2.85999989509583,33.3498760843647,37.649033,2.76999998092651,35.634585973744905,38.705932,2.69000005722046,35.7173589684514,39.791981,2.66000008583069
KG,3.85938224705086,5.1626,8.10999965667725,3.97913496995716,5.2184,8.27000045776367,4.31906748628122,5.2684,8.10000038146973,4.681938955312781,5.3187,8.22000026702881
KH,8.13833573042109,13.273354,1.32000005245209,9.01492268130467,13.477709,1.28999996185303,9.935578323299431,13.679962,1.25999999046326,10.6004252443636,13.883834,0.829999983310699
KI,0.156554009173463,0.092325,NA,0.15647683536947302,0.094343,NA,0.159661056450992,0.096527,NA,0.156321846427942,0.098761,NA
KM,0.78769558988797606,0.611627,4.84000015258789,0.808545541438264,0.626425,5.07000017166138,0.81501424818036,0.64162,5.30000019073486,0.847614589833848,0.657229,5.59000015258789
KN,0.7238324192097669,0.046852,NA,0.746631608453542,0.047333,NA,0.7511159210377211,0.047769,NA,0.797096217056364,0.048178,NA
KP,NA,23.904167,2.90000009536743,NA,24.054864,2.79999995231628,NA,24.188331,2.72000002861023,NA,24.310142,2.69000005722046
KR,926.348700517723,48.184561,3.70000004768372,975.114721518432,48.438292,3.5,1031.666971895,48.683638,3.20000004768372,1062.75094169599,49.054708,3.20000004768372
KW,108.941032798325,2.270198,1.49000000953674,117.127704117237,2.373672,1.29999995231628,124.145498953245,2.504019,1.5,127.224005582694,2.656009,1.75
KY,NA,0.049261,NA,4.479431264710261,0.05074,NA,4.62109889290453,0.05228,NA,4.60458302201703,0.053836,NA
KZ,109.482467339845,15.147029,8.13000011444092,121.197091345208,15.308084,7.78999996185303,131.983632474924,15.484192,7.26000022888184,136.339092346875,15.674,6.63000011444092
LA,4.84815605011908,5.751676,1.35000002384186,5.26603152629351,5.846074,1.14999997615814,5.66608292592663,5.944948,0.990000009536743,6.10944840532914,6.04662,0.850000023841858
LB,26.6780079209637,4.698763,8.27000045776367,27.091387655956797,4.759753,8.61999988555908,29.6137644972332,4.767344,8.97999954223633,32.2994747849131,4.764741,7.44999980926514
LC,1.3286880768907299,0.163417,18.7000007629395,1.41100372185441,0.165381,16,1.43487252289791,0.167639,14,1.50588898348876,0.170011,12.7200002670288
LI,NA,0.034713,NA,NA,0.03497,NA,NA,0.035217,NA,NA,0.035471,NA
LK,41.633334150860804,19.544988,7.67000007629395,44.8258997412981,19.695972,6.5,47.8726382029726,19.842044,5.96999979019165,50.721102373424,19.983984,5.21999979019165
LR,1.41033150746204,3.218116,2.26999998092651,1.52377725170187,3.329211,2.19000005722046,1.66907367723425,3.461911,2.13000011444092,1.78834049135975,3.60786,2.10999989509583
LS,1.88927274274494,1.996114,30.7800006866455,1.9691907718155799,1.989939,29.6900005340576,2.0643610476790197,1.986922,28.6499996185303,2.2034893540977896,1.987129,27.7600002288818
LT,35.0312333068536,3.322528,8.32999992370605,37.6284914495308,3.269909,5.78000020980835,41.8080686646641,3.231294,4.25,42.9011084416057,3.198231,5.82999992370605
LU,47.1580784875502,0.465158,4.48999977111816,49.6001523205634,0.472637,4.73000001907349,53.744023864362504,0.479993,4.07000017166138,53.056322729415704,0.48865,5.05999994277954
LV,24.4573598983801,2.238799,10.0299997329712,27.388907798630502,2.218357,7.03000020980835,30.135220876892397,2.200325,6.05000019073486,29.1325316606019,2.177322,7.73999977111816
LY,61.7140490451692,5.798614,19.0200004577637,65.7257999490192,5.886872,18.7999992370605,69.9009111089382,5.974787,18.6000003814697,71.76541710849581,6.058748,18.5100002288818
MA,73.0140760045985,30.455561,11.0100002288818,78.5446233106445,30.804683,9.67000007629395,81.3185006338362,31.163673,9.5600004196167,86.13522123645039,31.536811,9.56999969482422
MC,4.86305183613947,0.033843,NA,5.14530027840382,0.03419,NA,5.88771046002917,0.034525,NA,5.92697176189845,0.034872,NA
MD,5.95397696716872,2.888111,7.28999996185303,6.23976785266749,2.880095,7.38000011444092,6.4269609032039,2.873429,5.07000017166138,6.92826386295101,2.867964,3.98000001907349
ME,3.4428926509391897,0.614261,30.3099994659424,3.73782527863659,0.615025,24.5100002288818,3.99237680520863,0.615875,19.3999996185303,4.28073628211937,0.616969,17.1499996185303
MF,NA,0.034248,NA,NA,0.035237,NA,NA,0.036137,NA,NA,0.036885,NA
MG,8.69022964980676,18.336724,2.61999988555908,9.15937243177987,18.880269,2.83999991416931,9.6824242745301,19.43353,3.05999994277954,10.3323704577161,19.996473,3.33999991416931
MH,0.15406692614967799,0.055258,NA,0.155096338814835,0.055767,NA,0.159391140494216,0.056051,NA,0.148627306001046,0.056174,NA
MK,7.73637612217433,2.060273,37.25,8.13379571016142,2.063131,36.0299987792969,8.66033590647652,2.065426,34.9300003051758,9.13422960767109,2.067313,33.7599983215332
ML,8.53330359245586,12.775516,9.76000022888184,8.93114215276767,13.203378,10.7200002670288,9.24316203656838,13.651464,11.710000038147,9.684351570685418,14.113577,10.2299995422363
MM,29.2753580775655,48.949924,0.790000021457672,33.1034335790232,49.30105,0.75,37.0730103788848,49.621475,0.720000028610229,40.8749608116237,49.929642,0.709999978542328
MN,5.25276513174542,2.526424,7.09000015258789,5.70220405040528,2.558856,7.1399998664856,6.28656685431684,2.59382,7.19999980926514,6.84609443554697,2.631898,5.57000017166138
MO,16.5257200391859,0.482858,4.09999990463257,18.72598146584,0.493799,3.79999995231628,21.4314414750733,0.504511,3.20000004768372,22.158796347977297,0.515239,3
MP,1.2371612903225802,0.056542,NA,1.15190818858561,0.055882,NA,1.0745856079404499,0.055219,NA,0.9556277915632749,0.054625,NA
MR,4.73954227674321,3.024194,9.85999965667725,5.60845198264194,3.111906,9.69999980926514,5.4979978532828,3.202517,9.56999969482422,5.47979512623373,3.296238,9.51000022888184
MT,7.76537552242283,0.403834,6.92000007629395,7.96029753426774,0.405308,6.80000019073486,8.34037832250278,0.406724,6.46999979019165,8.65951115292701,0.409379,5.98000001907349
MU,7.93933902422559,1.228254,9.52000045776367,8.32563110468563,1.233996,9.03999996185303,8.80244134201384,1.23963,8.47999954223633,9.2766255623588,1.244121,7.17000007629395
MV,1.7487995994496701,0.319608,6.38000011444092,2.20543729320646,0.327487,7.3899998664856,2.37556179874616,0.335169,8.47000026702881,2.60089173791487,0.343452,9.71000003814697
MW,4.86680993868561,12.625952,5.92999982833862,5.09555000541576,12.973699,5.80999994277954,5.58472280606858,13.341806,5.69999980926514,6.01138092801556,13.72789,5.65000009536743
MX,982.737828708375,106.005203,3.55999994277954,1026.91265960472,107.560153,3.5699999332428,1050.44380573282,109.170502,3.63000011444092,1062.45651919232,110.815271,3.86999988555908
MY,204.863376680625,25.690611,3.52999997138977,216.30468296484,26.201961,3.3199999332428,229.92925189575698,26.72037,3.23000001907349,241.03890425516101,27.236006,3.33999991416931
MZ,7.73297211284817,20.493925,3.00999999046326,8.48263535787782,21.08011,2.97000002861023,9.13832154571698,21.673316,2.94000005722046,9.80704155714656,22.276596,2.95000004768372
"NA",9.14811069401505,1.93832,21.9799995422363,9.79517259994898,1.971317,21.7600002288818,10.3215694964291,2.006514,21.5599994659424,10.595071681486798,2.043394,21.4799995422363
NC,NA,0.23225,15.9200000762939,NA,0.23575,15.5900001525879,NA,0.23925,15.2600002288818,NA,0.24275,14.789999961853
NE,6.024873704156709,13.624467,3.09999990463257,6.3822119744264,14.143971,2.32999992370605,6.5827872872207696,14.685399,1.70000004768372,7.091729840230039,15.250908,1.22000002861023
NG,256.649465356273,138.865016,3.76999998092651,272.200955002138,142.538308,3.69000005722046,290.142074789495,146.339977,3.61999988555908,309.768656455714,150.269623,3.58999991416931
NI,7.66288182765671,5.43869,5.36999988555908,7.98106944659494,5.513763,5.30999994277954,8.386173966208709,5.590055,4.8899998664856,8.67428709438229,5.667432,6.19999980926514
NL,790.499800786484,16.319868,5.86999988555908,817.858911574005,16.346101,5,848.715440349521,16.381696,4.15000009536743,867.135322468553,16.445593,3.65000009536743
NO,408.849736694053,4.623291,4.38000011444092,418.66127514764503,4.660677,3.40000009536743,431.197048129248,4.709153,2.49000000953674,433.251184624934,4.768212,2.54999995231628
NP,12.8775630747127,25.7445,1.55999994277954,13.3108434662677,26.066693,1.47000002861023,13.764950914322501,26.382581,1.37999999523163,14.605251495759001,26.666576,1.33000004291534
NR,0.039240729322646,0.009849,NA,0.0416189553422003,0.009828,NA,0.0321060512639831,0.009842,NA,0.039240729322646,0.009891,NA
NZ,137.814039157927,4.1339,3.80999994277954,141.73691181543,4.1846,3.85999989509583,146.08855836543702,4.2238,3.66000008583069,144.58376249478,4.2598,4.17000007629395
OM,44.2785354603246,2.511251,3.79999995231628,46.657129142472,2.580758,3.94000005722046,48.7346237370908,2.657158,4.07999992370605,52.7309008856398,2.750963,4.1399998664856
PA,20.556984394785,3.330217,3.71000003814697,22.3356704001133,3.391666,3.60999989509583,25.0123738786907,3.453675,3.51999998092651,27.4775071183623,3.516204,3.48000001907349
PE,105.785554389544,27.866145,4.8600001335144,113.750041982731,28.102056,4.26000022888184,123.439711646329,28.333052,3.92000007629395,134.705521240862,28.562317,3.8199999332428
PF,NA,0.25878,11.6199998855591,NA,0.26101,11.6899995803833,NA,0.262721,11.7399997711182,NA,0.264061,11.8199996948242
PG,10.6928444945256,6.494903,2.41000008583069,11.271321389157801,6.646895,2.25,12.1521964978214,6.808514,2.10999989509583,12.1161703760499,6.976201,2
PH,163.47630750303202,86.32625,3.79999995231628,172.167389414077,87.888675,4.05000019073486,183.39148348433,89.405482,3.4300000667572,191.358903202926,90.901965,3.72000002861023
PK,150.180774567711,160.304008,0.610000014305115,159.039915093281,164.022627,0.579999983310699,166.726023587507,167.808105,0.400000005960464,169.562709265155,171.648986,0.419999986886978
PL,379.900441083806,38.165445,17.75,403.19268397837703,38.141267,13.8400001525879,431.664312008755,38.12056,9.60000038146973,449.794050343249,38.125759,7.11999988555908
PR,105.342118804957,3.821362,11.3500003814697,103.857412208889,3.805214,11.0100002288818,102.649751271359,3.782995,10.9300003051758,100.75675205085001,3.760866,11.4799995422363
PS,7.63528460892947,3.320396,20.0200004577637,7.5591947141413405,3.406334,19.0100002288818,7.84555829062297,3.494496,18.2800006866455,8.42841911499314,3.591977,22.9099998474121
PT,230.94920292726098,10.50333,7.57999992370605,234.702206404714,10.522288,7.65000009536743,240.585204138036,10.542964,7.96000003814697,241.353267410255,10.558177,7.55000019073486
PW,0.207487555032911,0.019781,NA,0.206645875301275,0.01954,NA,0.210822506466282,0.019158,NA,0.198632922241884,0.018704,NA
PY,20.8912966892966,5.824096,4.82999992370605,21.8955658042224,5.913209,5.28000020980835,23.0826608078578,5.998427,4.71000003814697,24.5505150909269,6.081296,4.42000007629395
QA,53.3523709522569,0.865416,0.769999980926514,67.3148175041319,1.022711,0.870000004768372,79.42182955018009,1.218434,0.519999980926514,93.4505491906149,1.436665,0.310000002384186
RO,144.652472925674,21.319685,7.17000007629395,156.26634669362602,21.19376,7.26999998092651,167.570353781434,20.882982,6.40999984741211,183.16690944759,20.537875,5.78999996185303
RS,36.1088635435274,7.440769,20.8500003814697,37.953228515713796,7.411569,20.8500003814697,40.3972363646127,7.381579,18.0599994659424,42.681933020219,7.350222,13.710000038147
RU,1281.5226971216398,143.518814,7.11999988555908,1386.6084329896498,143.049637,7.05999994277954,1504.46984152942,142.805114,6,1582.70181088997,142.742366,6.21000003814697
RW,4.10914677202874,8.840215,0.930000007152557,4.48830094463589,9.043337,0.899999976158142,4.8309055772073695,9.273757,0.879999995231628,5.37009469938151,9.524534,0.879999995231628
SA,461.601802003856,23.816183,6.05000019073486,474.473116917565,24.49831,6.25,483.237253411601,25.184597,5.73000001907349,513.43848360359,25.888541,5.07999992370605
SB,0.655932852342192,0.469918,2.04999995231628,0.68783168026608,0.481078,1.96000003814697,0.718463005093654,0.492132,1.87999999523163,0.76018498201397,0.50336,1.85000002384186
SC,0.783031253312258,0.082858,NA,0.856684174335502,0.0846,NA,0.9459629682345131,0.085033,NA,0.925654158746992,0.086956,NA
SD,41.1509764452704,30.949516,15.2799997329712,45.2925374604393,31.661823,15.0699996948242,50.511102878462,32.360621,14.8800001144409,54.4519606048376,33.060837,14.8000001907349
SE,453.90011190639,9.029572,7.48999977111816,475.06444627573,9.080505,7.07000017166138,491.40296616208195,9.148092,6.15999984741211,489.188904610127,9.219637,6.23999977111816
SG,172.75787747465301,4.265762,5.59000015258789,188.314972645788,4.401365,4.48000001907349,205.30499996321302,4.588599,3.90000009536743,209.14060145643398,4.839396,3.96000003814697
SI,43.897124009269895,2.000474,6.51000022888184,46.4196269828109,2.006868,5.94999980926514,49.6597915678536,2.018122,4.82000017166138,51.402771549555496,2.021316,4.36999988555908
SK,71.07171234773061,5.372807,16.2600002288818,77.1079590916251,5.373054,13.3699998855591,85.4603154526891,5.374622,11.1400003433228,90.2246309233856,5.379233,9.51000022888184
SL,1.99792659451644,5.645624,3.5,2.0823173012292298,5.829237,3.53999996185303,2.25011345189349,5.989633,3.57999992370605,2.37158099356644,6.133603,3.67000007629395
SM,2.00551138579789,0.029324,NA,2.0823241477887597,0.0297,NA,2.2303632890802496,0.030063,NA,2.2191905236997598,0.030434,NA
SN,13.720826684959,11.090116,8.92000007629395,14.0585744732241,11.382268,10.0299997329712,14.7528550764267,11.68708,9.89000034332275,15.3512863087731,12.004701,9.85000038146973
SO,NA,10.446863,13.3900003433228,NA,10.763905,13.1899995803833,NA,11.080121,13.0200004577637,NA,11.397188,12.9399995803833
SR,3.48176194721918,0.499461,9.27999973297119,3.68347934330695,0.505292,9,3.8717599408524297,0.511181,8.73999977111816,4.03218269488354,0.517122,8.5600004196167
SS,NA,7.535932,12.5799999237061,NA,7.907406,12.3900003433228,NA,8.315139,12.2200002670288,13.1773365845164,8.736939,12.1499996185303
ST,0.147663429879843,0.157472,16.4699993133545,0.16112389966785698,0.161681,16.6499996185303,0.166366235163396,0.1663,15.8900003433228,0.179985264743618,0.17112,15.2600002288818
SV,16.9263301904564,6.052123,7.21999979019165,17.661423001869498,6.079399,6.57000017166138,17.9900277550041,6.10581,6.40999984741211,18.4525237874334,6.131764,5.88000011444092
SX,NA,0.033011,NA,NA,0.033441,NA,NA,0.033811,NA,NA,0.033964,NA
SY,NA,18.361176,8.89999961853027,NA,19.059258,8.17000007629395,NA,19.878254,8.42000007629395,NA,20.664038,10.9399995803833
SZ,3.77287753649371,1.030579,27.4699993133545,3.99895465306762,1.036092,27.8500003814697,4.17632331107987,1.042652,28.2399997711182,4.21063865265064,1.049945,27.4500007629395
TC,NA,0.02818,NA,NA,0.029391,NA,NA,0.030385,NA,NA,0.031202,NA
TD,8.41612344017727,10.096633,1.28999996185303,8.47068197149925,10.457124,1.27999997138977,8.747800296525659,10.818024,1.28999996185303,9.01484365541119,11.183588,1.32000005245209
TG,2.9012560296952903,5.61164,4.3600001335144,2.97814314694463,5.76288,4.23000001907349,2.94314637961226,5.920359,3.59999990463257,3.0627044266491197,6.08342,3.07999992370605
TH,283.767576325108,65.416189,1.35000002384186,297.86461289105904,65.812536,1.22000002861023,314.054006434033,66.182067,1.17999994754791,319.47363280724596,66.530984,1.17999994754791
TJ,4.09567010181338,6.789321,12.9399995803833,4.38435172673187,6.922587,12.3800001144409,4.72458352823963,7.062672,11.8400001525879,5.09832310353507,7.20993,11.4300003051758
TL,0.622379554316273,0.995135,3.29999995231628,0.59682363088475,1.016432,3.22000002861023,0.657871671554352,1.036392,3.14000010490417,0.732447776450852,1.055431,3.10999989509583
TM,13.7882696245549,4.754646,7.26000022888184,15.301298963195,4.810109,6.40000009536743,16.993515438403602,4.870141,5.6100001335144,19.4915622078489,4.935767,4.94000005722046
TN,35.2795435936845,10.106771,12.8699998855591,37.1296717199944,10.201214,12.5100002288818,39.6209317451446,10.304726,12.3699998855591,41.299978412742796,10.414433,12.4399995803833
TO,0.366019490883553,0.100905,2.11999988555908,0.365475456631414,0.101706,1.0900000333786,0.366466243384456,0.102581,1.19000005722046,0.38387401167651897,0.103379,1.30999994277954
TR,664.762711153286,67.903469,10.6400003433228,710.950345122301,68.75681,8.72000026702881,746.8071821192159,69.581848,8.86999988555908,752.893844151316,70.418604,9.71000003814697
TT,18.2936965914406,1.296502,3.89000010490417,20.7099387582907,1.302561,4.03000020980835,21.6945326757935,1.308451,4.17000007629395,22.430354184473202,1.314443,4.21999979019165
TV,0.0291857272412158,0.01,NA,0.0298099919476302,0.01012,NA,0.0317030948255095,0.010221,NA,0.034234035600248396,0.010314,NA
TZ,23.7912083013288,38.45032,3.30999994277954,25.3453026989994,39.548663,3.29999995231628,27.0608084341856,40.681414,2.92000007629395,28.5995988073756,41.853944,2.60999989509583
UA,129.940465635033,47.105171,7.17999982833862,139.607929641793,46.787786,6.80999994277954,150.209086270689,46.509355,6.34999990463257,153.669941036719,46.258189,6.3600001335144
UG,18.029789369519502,27.684585,1.89999997615814,19.9742560663789,28.571475,2.21000003814697,21.654575570128,29.486338,2.52999997138977,23.5404188318147,30.431736,2.92000007629395
US,14332.4996048474,295.516599,5.07999992370605,14741.688498216,298.379912,4.61999988555908,15018.267849838401,301.231207,4.61999988555908,14997.7559290078,304.093966,5.78000020980835
UY,30.157445137573202,3.321803,12.0100002288818,31.393471352368902,3.325401,10.8400001525879,33.4470786869105,3.331749,9.39999961853027,35.847289438373004,3.340221,8.02999973297119
UZ,31.3067845686886,26.167,6.82999992370605,33.639584098170296,26.48825,5.8600001335144,36.8262636843347,26.868,4.98999977111816,40.151366329020206,27.3028,4.8899998664856
VC,0.6368579723276729,0.108614,20.0100002288818,0.685821912100613,0.108603,19.5499992370605,0.708745921628982,0.108518,19.1100006103516,0.7199758008396321,0.108393,18.7900009155273
VE,327.782821536693,26.432447,10.6599998474121,360.142030430877,26.850194,8.60999965667725,391.66734688486605,27.24761,7.28000020980835,412.338978104743,27.635832,6.25
VG,NA,0.023107,NA,NA,0.024023,NA,NA,0.025047,NA,NA,0.026097,NA
VI,4.23259679320915,0.108454,7.07000017166138,4.38606295684981,0.108371,7.21999979019165,4.56306059891536,0.108339,7.38000011444092,4.6060311247347405,0.108399,7.42999982833862
VN,85.3518030304192,83.832661,2.13000011444092,91.3076132769669,84.61754,2.07999992370605,97.81739365974809,85.419591,2.02999997138977,103.355590690416,86.243413,1.79999995231628
VU,0.549652584773368,0.209282,4.6100001335144,0.596181554777833,0.21437,4.46999979019165,0.627025086554647,0.219472,4.3600001335144,0.667458933182145,0.224704,4.30999994277954
WS,0.633126600627264,0.179727,5.19999980926514,0.64559164994901,0.180876,5.17000007629395,0.686410116861272,0.182046,5.15000009536743,0.69333659729968,0.183263,5.17999982833862
YE,25.0021774605819,20.107409,12.1700000762939,25.7948488348019,20.687646,12.1300001144409,26.655991279524,21.282515,12.1000003814697,27.6282870793955,21.892146,12.1700000762939
ZA,322.22818369962704,47.880601,29.1200008392334,340.285199108368,48.489459,28.3400001525879,358.526105165636,49.119759,26.5400009155273,369.966840760721,49.779471,22.4099998474121
ZM,13.350512768130699,11.856247,15.8999996185303,14.4056965041379,12.173514,12.8699998855591,15.6089231202185,12.502958,10.1999998092651,16.8223445414938,12.84853,7.92999982833862
ZW,11.7296958627806,12.076699,4.48000001907349,11.3236730044172,12.155491,4.51999998092651,10.9099822171408,12.255922,4.57000017166138,8.98230331946873,12.379549,4.67000007629395
